{
    "niter": 6481,
    "logz": -23.324567733385987,
    "logzerr": 0.4802014386745002,
    "logz_bs": -23.256640549520412,
    "logz_single": -23.324567733385987,
    "logzerr_tail": 0.009936007867636931,
    "logzerr_bs": 0.48009863304607947,
    "ess": 1432.4053759266926,
    "H": 14.514349958598771,
    "Herr": 0.17460083951077013,
    "posterior": {
        "mean": [
            2.72969487162057,
            1.1995955419813582,
            -2.6133975179427154
        ],
        "stdev": [
            0.00400308574263504,
            0.1352922340152757,
            0.04211504186052153
        ],
        "median": [
            2.729578909244477,
            1.200583290809617,
            -2.613599921037581
        ],
        "errlo": [
            2.725740666610193,
            1.066586898121933,
            -2.654425666371802
        ],
        "errup": [
            2.733799503225363,
            1.3395877842376411,
            -2.569663154669348
        ],
        "information_gain_bits": [
            4.14647919764959,
            3.211521145882638,
            4.124768585921171
        ]
    },
    "maximum_likelihood": {
        "logl": -7.29701799774049,
        "point": [
            2.7294933529366316,
            1.2167053421479908,
            -2.6122137745908134
        ],
        "point_untransformed": [
            0.27294933529366316,
            0.12167053421479908,
            0.3693893112704593
        ]
    },
    "ncall": 69951,
    "paramnames": [
        "Tcmb",
        "TR",
        "Beta"
    ],
    "logzerr_single": 0.21995719249131765,
    "insertion_order_MWW_test": {
        "independent_iterations": Infinity,
        "converged": true
    }
}